ns1.cse.du.ac.bd,0.0
cse.du.ac.bd,6.662845611572266
cse.du.ac.bd,0.0
cse.du.ac.bd,15.64335823059082
cse.du.ac.bd,14.268875122070312
cse.du.ac.bd,8.985280990600586
cse.du.ac.bd,17.468929290771484
cse.du.ac.bd,14.986991882324219
cse.du.ac.bd,13.541460037231445
